{
  "budget": 1,
  "mode": "serial",
  "n": 3,
  "policies": {
    "seed": {
      "mode": "serial",
      "budget": 1,
      "n": 3,
      "per_task": [
        {
          "task_id": "flash_attn_prefill_bf16",
          "correct": true,
          "best_speedup": 0.08255029688130512,
          "best_reward": 0.3825502968813051,
          "baseline_time": 1.0,
          "actual_time": 12.113826815642458,
          "torch_baseline_time": null,
          "benches_used": 1,
          "benches_to_best": 1,
          "trajectory": [
            {
              "turn": 0,
              "correct": true,
              "speedup": 0.08255029688130512,
              "reward": 0.3825502968813051,
              "flags": []
            }
          ]
        },
        {
          "task_id": "flash_attn_decode_bf16",
          "correct": true,
          "best_speedup": 0.6337028824833703,
          "best_reward": 0.9337028824833702,
          "baseline_time": 1.0,
          "actual_time": 1.5780265920223933,
          "torch_baseline_time": null,
          "benches_used": 1,
          "benches_to_best": 1,
          "trajectory": [
            {
              "turn": 0,
              "correct": true,
              "speedup": 0.6337028824833703,
              "reward": 0.9337028824833702,
              "flags": [
                "high_variance"
              ]
            }
          ]
        },
        {
          "task_id": "paged_attn_decode_bf16",
          "correct": true,
          "best_speedup": 0.05724604966139955,
          "best_reward": 0.35724604966139956,
          "baseline_time": 1.0,
          "actual_time": 17.468454258675077,
          "torch_baseline_time": null,
          "benches_used": 1,
          "benches_to_best": 1,
          "trajectory": [
            {
              "turn": 0,
              "correct": true,
              "speedup": 0.05724604966139955,
              "reward": 0.35724604966139956,
              "flags": []
            }
          ]
        }
      ],
      "is_correct": [
        true,
        true,
        true
      ],
      "baseline_speed": [
        1.0,
        1.0,
        1.0
      ],
      "actual_speed": [
        12.113826815642458,
        1.5780265920223933,
        17.468454258675077
      ],
      "fast_p_curve": [
        [
          0.0,
          1.0
        ],
        [
          0.5,
          0.3333333333333333
        ],
        [
          1.0,
          0.0
        ],
        [
          1.5,
          0.0
        ],
        [
          2.0,
          0.0
        ]
      ],
      "fast_p": {
        "0.0": 1.0,
        "0.5": 0.3333333333333333,
        "1.0": 0.0,
        "1.5": 0.0,
        "2.0": 0.0
      },
      "geometric_mean_speedup": 0.1441395897653483,
      "num_correct": 3
    },
    "kore": {
      "mode": "serial",
      "budget": 1,
      "n": 3,
      "per_task": [
        {
          "task_id": "flash_attn_prefill_bf16",
          "correct": false,
          "best_speedup": null,
          "best_reward": null,
          "baseline_time": 1.0,
          "actual_time": Infinity,
          "torch_baseline_time": null,
          "benches_used": 1,
          "benches_to_best": null,
          "trajectory": [
            {
              "turn": 0,
              "correct": false,
              "speedup": null,
              "reward": 0.0,
              "flags": [
                "incorrect"
              ]
            }
          ]
        },
        {
          "task_id": "flash_attn_decode_bf16",
          "correct": false,
          "best_speedup": null,
          "best_reward": null,
          "baseline_time": 1.0,
          "actual_time": Infinity,
          "torch_baseline_time": null,
          "benches_used": 1,
          "benches_to_best": null,
          "trajectory": [
            {
              "turn": 0,
              "correct": false,
              "speedup": null,
              "reward": 0.0,
              "flags": [
                "incorrect"
              ]
            }
          ]
        },
        {
          "task_id": "paged_attn_decode_bf16",
          "correct": true,
          "best_speedup": 0.07008115814871682,
          "best_reward": 0.3700811581487168,
          "baseline_time": 1.0,
          "actual_time": 14.269170579029735,
          "torch_baseline_time": null,
          "benches_used": 1,
          "benches_to_best": 1,
          "trajectory": [
            {
              "turn": 0,
              "correct": true,
              "speedup": 0.07008115814871682,
              "reward": 0.3700811581487168,
              "flags": []
            }
          ]
        }
      ],
      "is_correct": [
        false,
        false,
        true
      ],
      "baseline_speed": [
        1.0,
        1.0,
        1.0
      ],
      "actual_speed": [
        Infinity,
        Infinity,
        14.269170579029735
      ],
      "fast_p_curve": [
        [
          0.0,
          0.3333333333333333
        ],
        [
          0.5,
          0.0
        ],
        [
          1.0,
          0.0
        ],
        [
          1.5,
          0.0
        ],
        [
          2.0,
          0.0
        ]
      ],
      "fast_p": {
        "0.0": 0.3333333333333333,
        "0.5": 0.0,
        "1.0": 0.0,
        "1.5": 0.0,
        "2.0": 0.0
      },
      "geometric_mean_speedup": 0.07008115814871681,
      "num_correct": 1
    }
  },
  "ranking_by_fast1": [
    "seed",
    "kore"
  ]
}